Carolyn Robinson,46 Carberry Avenue,5080706042075,TM722611
Ralph Henderson,02 4th Parkway,6391122427940,IB577176
Catherine Murphy,5 Glacier Hill Plaza,6620508142829,ZL203995
Jeffrey Tucker,60 Walton Way,2940717024124,YG710296
Peter Wheeler,4 Cody Junction,5020715455947,UM914802
Lisa George,44 Trailsway Center,6600623455166,ZQ173391
Dorothy Harper,7155 Thompson Place,6990211397254,ZW624008
Amanda Chapman,864 Calypso Avenue,1430505158284,WP984972
Jeffrey Riley,579 Welch Place,6770404371636,AZ970597
Ronald Dixon,02 Bayside Avenue,1811222881819,MY961121
Walter Gibson,8 Grover Park,6440211802176,JM369106
Sharon Morrison,86533 Longview Park,6100721952494,LW024437
Terry Vasquez,820 Summit Pass,1280627376177,RQ183816
Emily Coleman,1 Meadow Valley Avenue,6720520083981,MS876935
Mark Morgan,1 Oneill Lane,6740710776828,QC550530
Carlos Russell,030 Ridgeview Pass,6270423061789,UK646258
Roger Price,09 Tennyson Court,1510917719690,JQ831083
Kevin Garza,5 Buhler Trail,6730601271627,MO218239
Joan Perry,26 Barby Court,5530909426177,PJ646854
Bruce Harvey,3300 Westport Center,5150801820231,SC206446
Robin Robertson,19 Artisan Plaza,5200825965901,BU786661
Eric Sims,897 Thackeray Avenue,5790724385721,NR211797
Jason Alvarez,09539 Packers Terrace,6610822613017,JH377748
Randy Perkins,6327 Maywood Plaza,5660811708495,HU062660
Jack Lynch,3 Hermina Plaza,6100425421980,AT693658
Joseph Weaver,6946 Ridge Oak Road,2880410873180,BH437224
Rachel Sullivan,6 Delaware Road,2320617594382,QV206510
Jessica Cunningham,511 Comanche Crossing,6840609904321,AR831407
Kathleen Foster,26 Grim Center,6160514776550,JN150199
Christine Tucker,2851 Burning Wood Drive,5181026058122,UY537319
Teresa Rose,464 Hagan Place,1621106991491,NW040428
Cheryl Knight,754 Mayfield Lane,6260227660035,BC963534
Maria Hanson,1 Starling Pass,6100922442819,ZX386838
Roy Welch,735 Elmside Point,1290501239330,MY939269
Teresa Howell,4549 Forster Junction,6590225751965,VU752767
Jeremy Mccoy,4292 Fremont Street,2150225884009,DM590535
Gregory Edwards,20 Kipling Avenue,1050512269348,OH870704
Alice Diaz,41 Esch Trail,5510815594668,TH250819
Norma Ford,3 Dakota Hill,6480227532777,VK029135
Joshua Hunter,7465 Weeping Birch Street,1480515449849,DZ597168
Carolyn Gardner,5 Scofield Circle,5030912610911,XA510654
Ruby Porter,7 Waywood Court,6640312395412,HP417236
Benjamin Gonzales,69398 Kings Crossing,6420603566002,IX149306
Joe Howard,919 Marcy Place,2531016466105,TA213937
Virginia Rogers,50975 Cherokee Road,6010320824659,UH144878
Roy Harvey,6041 Nova Avenue,5241013731216,TE451011
Michael Marshall,9695 Leroy Trail,2161019505279,JP685253
Kathryn Hayes,5 Westridge Plaza,6940617550062,IM508774
Lisa Gordon,15673 Glendale Crossing,6970614595267,HJ375540
Elizabeth Lane,9 Kingsford Junction,6990207823665,CH920845
Shawn Thomas,62404 Prairieview Place,6940213521109,KX777440
Diana Hunter,355 Nevada Junction,5860920321448,FG656452
Tina Jacobs,5490 Scott Park,6730607059614,WI065064
Irene Knight,7 Butterfield Place,5510822489110,PQ753168
Eugene Montgomery,49 Barby Lane,6001227313646,JP640316
Richard Lewis,45 Cottonwood Pass,2970810867372,UP857337
Thomas Long,00 Charing Cross Circle,5640514885565,FS095061
Teresa Washington,7487 Heffernan Center,6080425047725,AK096988
Eric Roberts,90111 Eagan Avenue,2310207227475,ET884006
Rose Mason,1983 Pierstorff Point,6230503148946,PF892143
Helen James,5 Mandrake Street,6030828775478,OZ526636
Sara Burns,179 Pankratz Point,6460920763807,VS788733
Lillian Lewis,8259 Vahlen Junction,5150709647524,PI679852
Linda Simmons,3686 Stone Corner Alley,2941103371815,CH539997
Craig Bowman,1979 Moland Crossing,1720514532887,XO799929
Virginia Gordon,03 Merrick Place,1780620072573,CP199201
Diane Ryan,3 2nd Pass,6250511527529,PS573319
Walter Ramirez,36 Redwing Drive,1040606498433,HC142215
Henry Evans,4 Lawn Street,6631008685356,WF207631
Kelly Sanchez,90262 Portage Place,2920916084699,KJ515806
Thomas Roberts,85 Amoth Road,6890624696697,ID523845
Gloria Hudson,4 Summit Alley,2991202807331,GD485911
Raymond Harvey,5783 Ridgeview Crossing,6430523890323,ZK963331
Karen Snyder,868 Huxley Terrace,6830223157542,WA939990
Judy Morrison,14834 Hoard Avenue,5910528723137,TY980591
William Garcia,830 Portage Point,6210114204436,OE805555
Alan Hayes,67241 Blue Bill Park Point,6490827708875,LC621042
Nicole Kelley,8139 Haas Junction,6211005393080,TD594035
Martin Watkins,216 Rutledge Point,5621012694251,RH830440
Douglas Rice,9 Menomonie Point,6661212587964,BQ587702
Joe Wallace,2192 Rowland Crossing,6920322956100,WE610068
Susan Frazier,648 Petterle Park,6071023639227,EK611984
Kevin Lynch,8 Coolidge Parkway,6180907648246,ZX987134
Samuel Stewart,078 Arkansas Parkway,2351007244604,FE533817
Louis Mccoy,28 Elmside Parkway,2060703950736,YV261587
Deborah Nguyen,10081 Debra Alley,6501005072076,OP410739
Kathleen Wood,72 Longview Way,6491228290803,XR248719
Bonnie Ferguson,445 Moulton Pass,6510726607553,XE700971
Ryan Knight,5 Roth Junction,6710614936020,DC460446
Aaron Castillo,09 Saint Paul Avenue,2240122509620,DG073336
Terry Jordan,32760 Evergreen Point,6921125441206,UV127771
Beverly Mitchell,71 Warbler Trail,5540117682230,SY171301
Julie Rice,503 Cody Avenue,6230128666757,XQ791060
Doris Meyer,5 Morningstar Hill,6591127301447,FE119945
Nancy Clark,501 Armistice Place,5390613894662,SG876903
Harold Jordan,82 Green Ridge Drive,5911104712535,KQ450659
Robert Snyder,70 Tomscot Junction,2510716249803,HL968117
Cheryl Snyder,73 Coolidge Place,6331006568687,FP753532
Jack Day,6447 Caliangt Point,5221017914202,IG630982
Earl Bell,2 Prentice Pass,5190928518304,OG721811
Nancy Franklin,037 Valley Edge Point,6590626548923,KA434917
Ashley Ward,3120 Orin Terrace,2510602869561,RZ775352
Mark Vasquez,55 Darwin Place,5661103056181,WJ763775
Joshua Hamilton,43 Dorton Lane,6200611703115,WP968001
Jeffrey Wallace,2206 Golden Leaf Lane,6480503815174,NX190559
Joyce Robinson,7381 Lakeland Court,6780816537268,SX333402
Ashley Carter,5 Westerfield Alley,6250116941629,LI903589
Pamela Warren,88425 Susan Terrace,6270514991731,VN518740
Anthony Grant,18 Namekagon Avenue,6040124004101,YK657982
Jeffrey Johnston,0 Jackson Avenue,1600306957496,ZG118105
Frank Bradley,2583 Luster Trail,2761207761107,LP780086
Edward Moreno,0927 Thompson Parkway,6220617879615,WO097195
Justin Elliott,825 Oneill Lane,6501002190628,QR514847
Carlos Porter,2295 Spaight Center,2610806569039,GZ067244
Jimmy Gardner,6 Meadow Valley Alley,1060112496606,QP356683
Lori Cunningham,1602 Village Green Crossing,6740826247829,OD929555
Mildred Martinez,31244 Thierer Place,1081016373521,TD675502
Helen Franklin,6 Quincy Street,6770907276940,VM577025
Doris Cooper,2 Hollow Ridge Avenue,6300302798899,RX510154
Evelyn Medina,62237 Bunting Terrace,2641221096655,ZS147683
Carol Tucker,0 Truax Pass,2900116590724,AV040811
Catherine Wheeler,70762 Bunker Hill Pass,6400116173052,PI329524
Edward Gibson,2 Meadow Vale Avenue,2350714955631,AH833509
Wayne Wheeler,26234 Warrior Terrace,1591221440011,XT572937
Jane Rogers,8064 Maple Drive,6860807414565,ZG237616
Terry Nguyen,1847 Sheridan Way,6321104937156,SC837354
Sarah Reynolds,150 Charing Cross Lane,6411120726093,KE267752
Susan Ellis,90638 Lotheville Court,1660606006087,EJ073124
Fred Jones,38 Jackson Junction,5590618659991,QU230114
Rebecca Gray,3380 Sunnyside Pass,6300517845870,KG128853
Matthew Harvey,039 Charing Cross Park,6020708640194,DP595024
Denise Hill,213 Green Ridge Court,6541009789322,CL639023
Nancy Lynch,79 Forest Dale Crossing,6981202520036,GL180153
Gerald Kelley,27693 Jenna Street,6450124623528,ZD515499
Brian Ortiz,55464 Esch Point,2630726224597,CZ580031
Christopher Chapman,33 Florence Hill,1200413830200,VQ357093
Deborah Thompson,3695 Rusk Junction,6380609214732,FM827738
Peter Moreno,23 Dixon Road,1691109664532,TV948867
Sandra Chapman,7 Tennyson Hill,6681012997865,LV812653
Philip Jones,51235 Sutteridge Trail,6350523794350,YB506922
Marie Kim,7 Troy Court,6930911370314,IB864625
Fred Hill,37637 Dwight Hill,6681121265146,JI758416
Daniel Williams,1603 Bonner Center,5060126201093,CI429982
Sharon Banks,757 Nevada Court,5030524088741,RE026820
Richard Williamson,38476 Portage Court,5801103218283,AT445957
Jason Ellis,68 Mosinee Road,6770824796216,RC460360
Wayne Adams,6841 Hazelcrest Avenue,6370425684518,JL152752
Raymond Vasquez,1938 Hallows Road,1940525543595,VR423981
Frank Murray,7 Carioca Crossing,6120212617843,MI864904
Terry Armstrong,9051 Esker Place,5751211178912,ML997827
Ryan Grant,15 Pleasure Pass,6410627201967,NS078717
Alan Hudson,9503 Spenser Circle,6630702988681,YX197721
Steve Gordon,550 Merrick Hill,2950421004554,TO765639
Louise Greene,61632 Dennis Crossing,6150219212036,NU098044
Mark White,69900 Dwight Place,6500927729169,AC516100
Louise Long,418 Blue Bill Park Plaza,6430619707846,WC297308
Laura Edwards,80545 Mcguire Parkway,5380813619312,AE607228
Jean Cooper,269 Nancy Drive,5591118198275,KV070249
Nicole Lane,0886 Moose Court,5860326202917,QJ616378
Kelly Perkins,8204 Summerview Lane,6731018251896,WI474104
Joe Fields,05 Di Loreto Trail,6570606797047,JK398570
Larry Allen,08224 Darwin Crossing,1200618211440,QX538057
Dennis Hill,81 Rigney Court,1270209127326,GB562688
Gloria Fuller,3991 Little Fleur Crossing,5850907724753,WP009192
Clarence Long,16183 Hooker Way,2371025749133,WQ011974
Helen Parker,1617 Arizona Center,6760610046273,HV474594
George Payne,302 Elka Junction,6410926955738,JM375017
Todd Long,184 Saint Paul Crossing,6690610586056,AG338786
Matthew Cunningham,40 Carey Alley,5350115095710,UF864144
Robert Knight,4 Golf Plaza,2250325285274,FT286387
Martha Stephens,2491 Rusk Way,5720916012221,NF814978
Robert Lawson,46 Gerald Alley,6251126554199,AH769936
Sharon Webb,7899 Buhler Court,6970627314695,AC949465
Steve Armstrong,1626 Hudson Trail,1130421867812,FM375966
Julia Stewart,8998 Helena Court,6201011433958,BO998011
Christine Clark,7075 Dakota Court,6380625368034,VZ348719
Debra Harrison,47503 Sheridan Park,5601221716010,MQ931929
Louise Stevens,9 Steensland Hill,5561124068619,CP984684
John Baker,72960 Cardinal Point,6000403301582,AT042753
Brandon Woods,49477 Cody Trail,6171119669138,EO556448
Ronald Watkins,9027 Sommers Trail,5330802599980,VF944718
Jesse Pierce,63 Knutson Drive,1941118229527,XU693316
Phyllis Long,9939 Hoepker Alley,5520322637540,QU267271
John Morgan,8445 Sherman Crossing,5161115022214,MT109196
Angela Gordon,5639 Manufacturers Crossing,1300501607690,ID967933
Matthew Olson,30535 Dawn Lane,2270602330350,ON454051
Andrew Bowman,02 Oxford Circle,5911212284201,RG713689
Scott Davis,34 Carioca Hill,6150209892646,FY869745
Nicole Chavez,457 Florence Center,1190212228776,WB015865
Victor Morales,08476 Prairie Rose Circle,1440312505704,CH800326
Eric Weaver,9 Artisan Point,6940706147894,XM733781
Shawn Edwards,0 Jenifer Lane,6150418189560,LX961018
Keith Thompson,69150 Sutherland Parkway,6251020892712,YF956807
David Gray,0351 Quincy Trail,2950309422893,JS947466
Amanda Wallace,64 Holmberg Road,6520711077401,VG688563
Adam Tucker,00 Killdeer Park,5200725736067,EU557320
Rachel Carpenter,4866 Service Road,6170220618750,MQ080223
Donald Fox,840 Trailsway Hill,6980528763668,UH358314
Phillip Gordon,24363 Elka Trail,6490512736187,UK180399
Stephanie Warren,77 Ilene Way,6631219075268,RT720120
Randy Long,65 Crescent Oaks Place,6180907501230,NW534425
Henry Kim,7162 Upham Avenue,1031208623911,IW740375
Donald Meyer,56263 Debs Crossing,6541113283731,JV428461
Lawrence Olson,17 Norway Maple Plaza,5160303100143,HZ506596
Evelyn Howard,4150 Northport Terrace,2130118448642,TH861691
Michael Gardner,11169 Mendota Place,6490107986520,GM491947
Catherine Rodriguez,7768 Scott Hill,5220905354993,TJ227353
Jeremy Mendoza,9790 Fallview Terrace,6290309161166,GV240894
Pamela Martin,840 Namekagon Circle,6010313747194,BN223704
Julia Turner,628 Chinook Circle,6680118992197,XJ646773
Fred Murphy,2 Lien Road,5040122652377,CX027311
Larry West,451 Jenifer Alley,5071012668360,VR332719
Nicholas Anderson,3344 Daystar Circle,6770718268854,XQ082123
Catherine Collins,75166 La Follette Hill,5471218426623,AT163123
Ryan Dixon,45315 Roxbury Junction,5001121682089,KY616349
Sean Kim,88 Dwight Circle,2131024351995,WF001309
Carolyn Perry,0 Harbort Alley,5540301522482,HN545930
Robin Hunt,530 Morrow Avenue,5720214108437,NF747130
Pamela Miller,2 Annamark Circle,5961113931165,RI864540
Sandra Pierce,9 Meadow Vale Street,1740923273687,RM555344
Jonathan Scott,96959 Mesta Court,6350506098144,CR922348
Margaret Weaver,4 Rieder Lane,1800726758849,WA522657
Sandra Gibson,69860 Waxwing Plaza,6651205322569,GQ314897
Roy George,863 American Pass,2361113735566,QN439624
Marilyn Dixon,51522 East Center,6731105998772,JL764775
Jonathan Fuller,671 Butterfield Pass,5281222545578,UK527950
Kevin Adams,694 Dayton Road,1621027694109,IF692125
Arthur Watkins,5238 Debs Place,1490421024694,HQ567469
Jerry Riley,4773 Duke Trail,1700703670741,PS308262
Doris Jackson,4 Arapahoe Avenue,6100706971619,VW279828
Joe Phillips,769 Jenna Crossing,6120628823505,GB490840
Chris Cox,997 Rieder Lane,6780919752443,HW746783
Gregory Ryan,43387 Graceland Junction,6221110910600,KC427655
Arthur Carr,8796 Anzinger Circle,2460219369065,KD934409
Phillip Cole,44182 Declaration Trail,2910725049573,KF637019
Annie Rice,71783 Trailsway Drive,6420901422419,EF144221
Elizabeth Lane,70536 Little Fleur Pass,5240716903150,AS609323
Michael Kim,19 Portage Pass,6650803128756,OS584834
Larry Andrews,16 Hayes Drive,1890922549261,BD649829
Howard Rodriguez,63 Gina Circle,1490718169241,WY180659
Raymond Richardson,4230 Bunker Hill Pass,6560711243849,WX924428
Evelyn Jordan,8 Maple Wood Drive,6420214176230,FV467530
Annie Black,5934 Lakewood Alley,6960605912220,MW192485
Nicholas Robinson,2 Texas Park,1240523092720,SJ260111
Kimberly Smith,2 Karstens Parkway,6000703117741,GM413039
Kathy Anderson,0 Rowland Way,5061115844428,PD672976
Keith Stewart,243 Pankratz Point,2960726743153,HS472000
Diane Austin,75685 Oak Avenue,1670128829217,GW756924
Jonathan Williams,94771 Dorton Court,6360301207491,WQ747522
Michelle Dunn,328 Elka Alley,5170428603517,WY015556
Jesse Austin,24 Barnett Terrace,6450701342129,KW390702
Rebecca Morgan,9910 Lakewood Crossing,1200519316869,OD502004
Daniel Allen,10 Carpenter Plaza,5590317731695,KM153662
Jeremy Nichols,696 Graceland Hill,1530517396284,LY641751
Ralph Hall,64 Lyons Lane,1920715237099,XE063871
Alan Miller,9622 Dakota Junction,6351228436043,PE281902
Anne Boyd,29421 Shasta Point,6780115888116,WE889527
Virginia White,4088 Linden Road,6330508152109,UA607800
Rachel West,16187 Elka Circle,2400917938836,MK491702
Jose Reed,15417 Westridge Drive,6450501045021,QL065832
Timothy Bennett,64 Loomis Circle,6160810323195,FO140728
Debra James,78 Dakota Hill,5120405859699,AL575049
Fred Ramirez,113 Darwin Junction,5261009767985,IQ435130
Theresa Warren,892 Sutteridge Alley,5960305156829,BF700458
Sharon Robertson,0 Gale Hill,6740119022604,LX622561
Nicole Sanchez,454 Derek Parkway,6530701752893,KF284929
Ronald Moreno,2370 Bobwhite Drive,6430921650303,BE185392
Martin Day,2546 Main Alley,5260826352868,HV999093
Ronald Montgomery,986 Green Lane,5210606396891,WJ783221
Jesse Crawford,8 Transport Junction,6970812519575,GT380617
Barbara Perez,526 Springview Place,6011222304227,OG355807
Wayne Cole,078 American Trail,5121119503021,PA435746
Samuel Alvarez,4 Scoville Way,6520708843968,DQ517959
Jonathan Coleman,709 Harper Alley,2300503896158,HY946180
Beverly Reid,10 Morningstar Avenue,6490124970487,KQ660828
Donna Frazier,95961 Ruskin Court,1880716278344,QB399425
Adam Chavez,0052 East Junction,6231111470295,NX547919
Bobby Hudson,195 Helena Plaza,5110216526943,FV956166
Kathleen Olson,68 Debra Center,6850518662914,BX505449
Kevin Nguyen,0357 Melby Parkway,6340621678571,NK816569
Nicholas Gonzalez,1 Gulseth Street,1010224545372,RF281351
Louise Dunn,2 Burning Wood Avenue,6540628613902,GU396879
Diane Ellis,231 Ridgeway Circle,6200706104487,NB339059
Katherine Watson,789 Dovetail Circle,5110728137638,VU939215
Walter Jackson,0645 Hagan Junction,6080103212148,HE403047
Christopher Edwards,56 Pankratz Lane,6610226513426,MS222663
Raymond Ross,6742 Farwell Terrace,2200407802515,KY001703
Paul Duncan,0 Park Meadow Avenue,6830828762070,JX458323
John Johnston,4 Eggendart Drive,6550724743313,TO119517
Marilyn Johnson,1704 Jenifer Park,1520725273406,CW271193
Sara Sanders,929 Oak Center,5760212472913,OC649284
Mary Tucker,1984 Colorado Plaza,6820226650671,GO775818
Irene Fernandez,9758 Kensington Pass,5931025575756,QM560620
Norma Grant,1 Moland Point,2080920877802,HJ914890
Paul Garcia,33 Birchwood Hill,6940108547287,IZ141905
Gregory Bishop,62 Dryden Hill,5550121344101,JR237547
Andrea Spencer,40 Village Way,1910619564506,QS092481
Jonathan Mendoza,97 Columbus Parkway,6430214470364,WD210101
Virginia Kim,250 Division Point,1821016235161,RC907566
David Reynolds,77082 Del Sol Lane,6501226496952,RZ904228
Dennis Thomas,8198 Tony Court,2141201488654,KM840821
Phyllis Williamson,44 Karstens Lane,2681110449509,PO759876
Julie Riley,2 Goodland Road,6130818750431,NE431583
Jacqueline Jones,82296 Loomis Junction,6440501034140,EY880996
Wanda Ruiz,70470 Lindbergh Street,6200105332282,YX633892
Joyce Mendoza,8 Dunning Drive,1180123763691,KT560308
Alice Larson,4726 Dawn Crossing,2320828686077,DY226696
Cheryl Peters,5 Holmberg Road,6630319907933,BN386264
Jessica Moore,86334 Calypso Court,5681004248434,ZX461168
Wayne Carroll,3162 East Street,6650209721762,XC730936
Lawrence Howell,60 Longview Drive,2030527952800,SQ613935
Timothy Larson,80 Morning Hill,6040103104004,VT361591
Jane Hernandez,6702 Larry Center,6620401403171,XP159589
Walter Hicks,9 Jay Crossing,2211128461835,ZG555716
Albert Hughes,879 Rieder Center,6001113086820,DM088288
Jesse Murray,64679 Paget Junction,6230814517232,JT131832
Judy Patterson,917 Declaration Trail,6560704164334,QE296433
Jane Fuller,1 Ryan Plaza,2400805186403,OE781294
Kathleen Matthews,4 Vermont Way,5321005535617,PI926007
Larry Dunn,5 Novick Pass,6700727272669,EO385434
Roy Dixon,479 Pond Park,6400315310958,QX575560
James Olson,2535 Gulseth Avenue,6980827619726,AE814216
Cheryl Carter,77663 Delladonna Park,6770206544567,SD386925
Joe Scott,1599 Dorton Point,6340512747832,WG999428
Catherine Myers,70 Pleasure Plaza,2960108229258,TM770271
Michelle Hart,52 Westport Court,6951008238221,NV292706
Jane Little,77446 5th Lane,2230722949107,IA385959
Thomas Parker,921 West Road,6900816731422,WZ516840
Norma Jordan,5640 Northfield Crossing,5630909031846,PJ216137
Douglas Kelly,4910 Loomis Trail,1880615549520,OP953871
Gary Riley,22 Division Circle,2500221655198,QV351777
Arthur Allen,5 Paget Lane,6770717837580,AU269759
Andrea Mcdonald,2 Muir Drive,6590317674243,EA873178
Angela Hughes,8039 Warner Street,2810819463157,FS735258
Eric Knight,98759 Burning Wood Hill,2100103334563,SD280695
Jose Powell,7 Larry Road,1080404475017,FY861305
Beverly Cox,78501 Talmadge Drive,5931104089268,DC870897
Martha Kelley,33017 Eliot Crossing,2830203844215,JX735558
Kenneth Weaver,34 Sheridan Street,6171201069073,LV504736
Stephanie Woods,86821 Clove Drive,6961128493847,BG229710
Carlos Baker,21 Jenifer Road,6141221792008,GR315839
Annie Fox,6 Oakridge Parkway,2690620170019,BV075727
Randy Ross,75 Hollow Ridge Street,6280823279511,OR546211
Donna Lawrence,5 Londonderry Junction,6351019452062,JY290415
Nancy Fields,534 Nevada Center,6410314333607,EH480633
Jerry Porter,0957 David Drive,1251008627186,FC467362
Scott Thomas,86505 Steensland Trail,6150321621069,VG469335
Debra Hernandez,39274 Forest Run Place,5290424059558,LK627458
Daniel Hunt,3 Lien Plaza,6911127549546,DW740357
Harry Rose,4516 Fallview Center,5780201636836,FO673821
Sarah Greene,10 Vermont Drive,6171227459572,KC555696
Arthur Ramirez,732 Grayhawk Trail,6141220976562,TR034860
Tammy Vasquez,06 Parkside Junction,2420721239944,QB868964
Rachel Owens,886 Mockingbird Road,5550307023309,FH836704
Mary Burke,5066 Orin Way,6290323902761,TG959915
Randy Freeman,4949 Esker Lane,1301202918519,NG216669
Martha James,03 Merry Lane,6091214845683,HA509509
Amanda Long,64 Stone Corner Crossing,6710802313350,CD737324
Diana Hernandez,7 Onsgard Pass,6800713993959,RF608740
Kathy Sanders,0779 Bobwhite Circle,1370421692331,LN497690
Diane Ross,2041 Superior Parkway,6820828913540,IW983085
Kathleen Berry,10741 Oak Avenue,1860101320129,XK623395
Walter Richards,8 Burning Wood Plaza,6390208435048,TD017740
Victor Reed,0111 Walton Trail,1590509191204,XM893594
Scott Nelson,09 Tennyson Street,5960916167213,FM156463
Paula Richardson,05821 Knutson Plaza,5000127389283,EN117054
Robert Barnes,83476 Michigan Place,1990305527753,AX214594
Billy Washington,71 Birchwood Junction,6521125598416,BY281169
Richard Flores,3602 Anhalt Park,5720821718542,HS071948
Amy Fuller,38 Ridge Oak Road,1750909284144,XB006811
Edward Mills,9 Hoffman Street,6550711684195,AX340588
Juan Price,618 School Point,1161028876133,GL035008
Andrea Dean,1 Mandrake Point,2990801899673,QY931845
Christine Hansen,7252 Randy Alley,5300811770816,FV870366
Jesse Morales,285 Kennedy Parkway,6120810223571,ZO361291
Larry Fernandez,9 Scoville Road,1230801670896,FI599140
Victor Robertson,84 Texas Lane,5480603386667,GD341134
Paul Ross,6534 Pleasure Crossing,1490827884311,OU162027
Doris Lopez,391 Coolidge Place,2020903155973,GJ564434
Frank Baker,62477 Mesta Trail,5471010558562,EG934835
Adam Chapman,83571 Anniversary Crossing,6060423993562,SU943725
Tina Reyes,5222 Delaware Road,6870404227394,GQ021039
Sharon Rodriguez,5 Parkside Pass,2120611642456,QE432414
Walter Nguyen,4 Helena Drive,5520601861170,WV997053
Evelyn Arnold,627 International Plaza,1270308125980,CJ076196
Debra Campbell,528 Basil Point,6521107223712,NF334602
Norma Ward,3 Westport Drive,2711004174587,BH824748
Jane Turner,8 Longview Terrace,6960818512355,IE530822
Eugene Scott,1 Vahlen Plaza,2750626956636,UA583818
Joyce Boyd,2760 Heffernan Circle,6340802164560,ML259041
Kelly Hart,0031 Laurel Trail,6071003134931,IB290224
Gloria Harvey,80 Anhalt Hill,6760119343409,CH102965
Tammy Baker,038 Nelson Avenue,6210915668221,ER355812
Tina Weaver,0 East Drive,6300613686329,NK218457
Antonio Medina,5 Delaware Park,1690808953389,GS438604
Wayne Green,013 Ridgeview Park,6690915693294,GR868906
Jacqueline Stanley,156 Charing Cross Street,5770214055659,JX919149
Lawrence Jackson,3 Golden Leaf Court,5640909820253,VZ644650
Chris Stewart,65 Fordem Hill,6550610784672,KP764167
Sarah Hunter,4218 Little Fleur Center,2661107062680,DY267141
William Bell,4694 Mitchell Pass,6270812399137,VP219070
Bobby Fisher,61789 Arizona Junction,6810813378000,VS336354
Jason Ryan,43 Mifflin Road,5670422252821,WF017096
Katherine Hudson,61454 Chinook Crossing,5800819923587,VK353708
Linda Oliver,10 Sunfield Park,6250818834587,RN900291
Doris Austin,42 Lawn Court,6130122727062,JC921428
Patrick Boyd,371 Declaration Drive,5050102939107,AZ924138
Catherine Collins,7 Doe Crossing Pass,6570904597298,DF417109
Jerry Weaver,97 Lerdahl Trail,6540601287443,OR204954
Terry Moreno,02700 Park Meadow Hill,1380327033904,FG379799
Amy Sanders,53 Logan Place,6940325144884,WQ256068
Eugene Burton,95 Bunting Terrace,6160325467296,RW015289
Ashley Ortiz,306 Pierstorff Avenue,6970913376663,CD927600
James Peters,990 2nd Parkway,6650421336399,VC319937
Bobby Davis,68 Declaration Center,5631202953728,FV978727
Sharon Henry,856 Morrow Point,2520912863546,TF595476
Stephanie Matthews,2081 Waywood Point,2390513398169,UB677351
Wayne Hanson,3031 Duke Road,6751011917565,HI794313
Mary Rice,9 Stoughton Center,2000106319760,JC026874
Louise Reid,30096 Merry Parkway,2530927862509,GN255472
Todd Sullivan,295 Dayton Pass,2291116630741,VO774113
Lawrence Gardner,4 Aberg Pass,1360309508259,VX014886
Mark Fuller,6 Mccormick Avenue,6121119609347,ZV355364
Lisa Davis,6419 Vernon Avenue,5890509699969,ZB586939
Beverly Williams,6404 Comanche Crossing,6520207734791,HD163192
Carl Carr,87566 Helena Hill,6421017963527,LR410607
Howard Williams,054 Elmside Alley,2851221822328,ML430643
Jeremy Rose,6919 Bellgrove Pass,5390314549554,SB296266
Elizabeth Mcdonald,8 Nevada Place,6610219907220,JH888180
Brenda Lewis,26 Saint Paul Crossing,6220728982425,BL978462
Jimmy Mcdonald,9132 Utah Plaza,5441122127861,KO225743
Michelle Day,7 Anhalt Pass,6290904741668,CN552819
Ryan Frazier,69850 American Ash Trail,6550907239344,LQ148854
Lori Jackson,7 Sutherland Center,6330626971142,TL186795
Marilyn Tucker,4 Randy Point,5070901389187,NX167667
Andrew Sanchez,6 Mccormick Hill,6240126122238,DQ711184
Bruce Hayes,01928 Linden Avenue,5241023997814,LT914595
Russell Cunningham,134 Hansons Way,6790612649152,IC764029
Jesse Holmes,3 Barby Street,6361016180776,BY192580
Kathleen Mccoy,02271 Sage Place,5261125933359,MV046584
Paula Matthews,8 Emmet Road,5480517919787,LW689002
Andrew Diaz,1 Hoffman Drive,5201123183054,AL794576
Ernest Spencer,13515 Northridge Drive,6710422916822,GF409996
Dennis Bryant,36 Harbort Crossing,6250304673310,FD147687
Helen Gomez,8 Starling Junction,1270116294680,IE159146
Aaron Barnes,322 Grover Court,2890527269073,ZA539989
Joan King,00978 Golf Course Parkway,6090717292590,XF986957
Kathy Powell,36 Prentice Park,6131111784432,YR137084
Jose Johnson,80 Lakewood Gardens Point,6361017824557,HW096703
Kimberly Fields,0514 Tennessee Alley,6751012876775,GA222072
Joshua Morris,65585 Kipling Parkway,6471017047695,EH951157
John Barnes,458 Garrison Trail,5760602411277,GV169331
Patrick Graham,416 Fieldstone Road,6461221210541,UI691908
Jane Daniels,29162 Dexter Point,5780803964467,PX308047
Mark Gibson,53228 Jenna Lane,6030712188076,JC255516
Debra Cox,2644 6th Circle,5311206796514,IC725579
Tammy Rogers,9 5th Place,6111123427551,NG768191
Adam Lopez,56199 Iowa Court,5140726413383,HP429470
Joyce Mcdonald,46513 Nancy Center,6021011433194,RT785419
Jeremy Stewart,5894 Hoffman Plaza,5340604449005,YC544629
Sarah Jenkins,5 Sloan Pass,2181115445205,DK271203
Ashley Grant,060 Nancy Road,6111013498951,WK525279
Carl Roberts,37431 Bashford Junction,1100702746202,OJ510651
Sharon Moreno,9 Lillian Plaza,5231223249320,HO660392
Mary Parker,3043 Dexter Crossing,6420220529506,JQ446210
Donald Banks,6646 East Center,5050617365308,GE063979
Bruce Rose,1 Boyd Center,2910110340318,JA853360
Deborah Allen,5730 Norway Maple Terrace,5240712541176,HV116775
Nicole Hayes,65725 Shopko Terrace,5701026587779,QS114884
Eric Martin,0604 Scott Hill,5220202977881,DG579965
James Black,37768 Northport Way,6730718268326,MB181840
Carl Murphy,1910 Anzinger Avenue,6590904461326,GA080979
Gerald Tucker,69711 Emmet Alley,6840725231151,EF009070
Thomas Hart,912 Westend Road,6950202569761,JP034386
Phyllis Frazier,512 Fair Oaks Lane,2911213504268,UT715730
Marilyn Carter,489 Clarendon Road,6381101106768,UQ685766
Mildred Webb,3636 Ruskin Junction,1460603449629,HM725184
Douglas Robinson,7 Shopko Parkway,1800206067068,TU261484
Teresa Clark,6 Hayes Parkway,5060428329340,XD293300
Paul Alexander,82873 Sunbrook Crossing,6211104622795,AG222117
Teresa Lee,175 Swallow Crossing,5200821244208,ZK252197
Rose Austin,117 Waywood Crossing,6440122545921,FD645001
Eugene Carroll,69 Debs Circle,6880317764761,NY344837
Kenneth Price,5488 Schmedeman Street,1530617601451,FJ238719
Charles Frazier,1 Evergreen Pass,2540501740067,LP294111
Gregory Gutierrez,149 Park Meadow Crossing,1930727232903,XL171030
Sarah Webb,1909 Havey Center,5450725484664,SI933041
Joshua Sanchez,811 Colorado Circle,6230502255994,WJ243680
Janet Cook,3617 Blaine Place,6961213732760,HJ825856
Frank Rogers,82 Fuller Road,1290327330153,ZE778345
Martha Palmer,17114 Holy Cross Pass,2680512103886,XU971206
Mildred Flores,9905 Forest Dale Junction,6271223678799,XI032553
Lillian Hill,605 Maple Wood Pass,6530423874150,JB966315
Kevin Harper,991 Marcy Center,2211214535373,EI995797
Patricia Harvey,6509 Thompson Street,5200225314886,HR199382
Eric Wagner,79783 Cardinal Drive,5901105394424,GR476256
Mildred Nguyen,32757 Tennyson Plaza,5381102481309,QE755567
Jacqueline Myers,7 Crowley Terrace,1621221945490,SO904301
Elizabeth Patterson,3 Crownhardt Alley,2541025470304,VM660935
Jerry Butler,50928 Butterfield Hill,6110923054144,QJ170355
Lisa Freeman,46 Cottonwood Street,6461005767484,CX494990
Russell Morrison,3 Calypso Alley,6490703975357,IR729814
Fred Williams,9 Northwestern Street,1140818212363,KG107445
Betty Hall,54886 Linden Drive,6340213341451,OK988900
Gerald Diaz,151 Talisman Park,6690313210503,NF538720
Lawrence Burton,57 Linden Street,6040201152816,TS271474
Phyllis Hall,77 Talisman Crossing,2250826920194,BJ627547
Paula Gibson,75862 Upham Trail,5280722355508,EF134212
Jerry Banks,7116 Gerald Trail,2890127994552,BD624618
Steve Simmons,96 Knutson Circle,2050312220229,UD305629
Henry Mitchell,7 Swallow Trail,6360507606867,PQ416844
Sharon Ortiz,6 Toban Place,6690626904990,SI087336
Kathryn Rose,84074 Reindahl Street,5370614027507,AK884844
Gloria Gordon,09 Morrow Place,6480305733151,OJ283460
Christopher Morgan,679 Boyd Hill,1461004971222,SB763438
Sandra Howell,3 Thackeray Drive,6690811597077,RO235813
Kelly Berry,34411 Cody Lane,1060910687429,PM481518
Craig Fuller,4 Meadow Ridge Street,5750216180028,DL524327
Andrea Knight,269 Summit Junction,6770324750538,CY534633
Brandon Lawrence,872 Maryland Lane,5480907513892,YA140742
Arthur Murray,853 Autumn Leaf Park,1611228460694,YK401884
Roger Daniels,0 Corben Court,6470621400750,IO131696
Barbara Day,27038 Myrtle Avenue,5601110786211,FS427468
Phillip Knight,51008 Park Meadow Circle,2360413237903,EQ212274
Ashley Cole,711 Reindahl Trail,5300226302437,TU262013
Gregory Ward,2 Hazelcrest Road,1501111951355,HM492914
Andrea Morales,326 4th Place,5100311163884,OU835874
Irene Collins,6 4th Way,1150719861117,FZ588694
Ralph Ferguson,1917 Hoepker Place,6580105278086,HN871048
Susan Sullivan,45 Jackson Point,6640724879653,GF065377
Evelyn Black,9504 Merry Way,6270121765841,SK333130
Willie Robertson,34677 Starling Center,6900426822158,TW185525
Gerald Holmes,37 Troy Lane,5580828761605,ZL088542
Katherine Wood,67 Derek Drive,5700725122764,GJ177068
Margaret Fields,16410 Moose Plaza,5730422441286,LY188889
Julia Wheeler,24 Pepper Wood Hill,1270314438130,FK550659
Lillian George,43529 Sage Road,6440615383994,TS520846
Evelyn Boyd,2839 Schiller Trail,2370526013195,XR517445
Gloria Kelley,17478 Clemons Place,2211011964182,NF370068
Douglas Hicks,9912 Redwing Place,6650415330738,MV024962
Betty Ross,70839 Gina Pass,6120620197632,KQ271597
Kenneth Marshall,60 Mosinee Road,1861124659455,OM071009
Harold Tucker,64 Loeprich Alley,5590512304181,CN675211
Kevin Martinez,63240 Chive Lane,2010511180282,HR610170
Paul Nichols,7920 Barby Point,6411116501720,DO114430
Gregory Wilson,97 Grim Road,1540723757518,XZ688233
Paul Cunningham,34 Talisman Alley,2700905633759,QM654153
Marilyn Rivera,512 Lakewood Gardens Avenue,5030425796922,OE204324
Billy Wheeler,35032 Eggendart Terrace,5611214438936,AN761398
Jennifer Austin,91 Burrows Avenue,5160208393135,HA830856
Nancy Roberts,721 Holy Cross Circle,6231122185002,TG893287
Ernest Morales,0856 Ruskin Lane,2210623246584,HO365121
Carol Green,5099 Manley Circle,2060903742113,PV888532
Kathryn Roberts,61129 Drewry Court,5200727783732,TA842514
Nicholas Owens,842 Kingsford Place,6321223850695,CT777218
Steve Moreno,12 Springs Circle,5280628655878,CY496421
Carol Barnes,4 Warner Alley,6101017082732,KH746243
Donna Robinson,13433 Summit Court,5940816613407,AL724737
Janice Collins,5 Granby Terrace,6481211476042,CT536468
Helen Wheeler,7675 Mifflin Circle,5520506587389,VE126085
Walter Shaw,51 Crowley Circle,5221202802614,LW098545
Victor Harris,69962 Garrison Pass,6870627631510,WI425130
Wanda James,19 La Follette Street,5840115373970,DZ278659
Marie Bell,103 Anderson Way,2061224772721,RE382106
Barbara Banks,4430 Dovetail Plaza,6801015484995,IV969838
George Hunter,438 Mcguire Avenue,6950528586348,TS450148
Doris Vasquez,8462 Crowley Place,2550911204997,FZ294167
Joyce Berry,87536 Commercial Street,6300328998030,LA664457
Emily Garza,3 Nelson Lane,1980604941655,LY834508
Roger Sanders,8 Waubesa Terrace,5591126084421,GT355463
Catherine Brooks,6913 Carpenter Crossing,5871202268431,KJ787510
Pamela Owens,2 Melby Street,6280514815398,NK527395
Nancy Wheeler,50 Pennsylvania Avenue,6200925173213,HU244588
Nicholas Sanders,88959 Moland Way,5371003759714,BJ650951
Todd Hunter,58569 Loeprich Hill,5190615317417,DR963170
Samuel Perry,1088 Sutteridge Junction,1980427165243,WL437750
Ralph Sanchez,9 Del Sol Avenue,5910424688728,QH178006
Marie Taylor,750 Northfield Park,6550315407036,LZ593661
Ronald Murray,05 Acker Junction,2910709940401,KX444156
Linda Snyder,7 Darwin Circle,6650814573662,SJ489910
Gerald Hunt,2744 Esch Junction,6730704056969,UR639652
Barbara Evans,50 Fairfield Plaza,6740501225151,RC353294
Phyllis Romero,9 Superior Plaza,6111027151460,KW001995
Shawn Garrett,75712 David Alley,6750207053056,VZ662175
Kelly Black,29 Derek Way,5560628641166,AF905373
Judith Griffin,68958 Susan Drive,6920907141236,CI669330
Doris Mills,4 Ronald Regan Plaza,1741120430990,TL414257
Sandra Chapman,500 Artisan Crossing,5130611188394,VU391369
Lawrence Greene,708 Miller Way,6500413609463,OZ506697
Billy Armstrong,31642 Reindahl Hill,6310710548258,VR616200
Janice Bailey,3 Corscot Street,5380405544915,IR906633
Betty Ortiz,06 Roth Plaza,1180714744550,HK277397
Dorothy Spencer,30 Novick Trail,1300511707117,NX711818
Edward Howell,142 South Avenue,2220221148756,YS203612
Anna Mccoy,4801 Northview Place,1700402753041,PJ644405
Larry Moore,60676 Eggendart Park,2310726948086,DO938839
Jane Alexander,6705 Fairview Pass,6701207998720,HW683148
Richard Lewis,4411 Prentice Lane,6760819742240,YH146503
Gloria Alexander,47637 Ohio Crossing,1060519616120,VC329862
Harry Weaver,5 Pond Avenue,6610917426820,EK537992
Bonnie Arnold,5 Lakewood Gardens Avenue,6500716041808,HG664026
Louise Harper,60 Roth Circle,6250408341852,DE236469
Edward Peterson,997 Oriole Court,6320302172569,WX910138
David Chavez,69717 Cordelia Crossing,6921208375599,VZ255191
Daniel Gray,1236 Gerald Circle,6320512864467,LR836590
Carl Romero,81355 Springs Trail,6150709921363,US157822
Michelle Perry,87483 Oak Valley Street,6221001361094,VS965491
Paul Hart,970 Talisman Center,6160623852886,JP060704
Russell Hernandez,4124 Fieldstone Parkway,1481101880521,SO858411
Wayne Watkins,9510 5th Trail,6501027467720,VS176574
Rose Johnston,51407 Farmco Lane,1981122013334,DK805574
Juan Perez,8 Melby Crossing,2080423323890,MH737906
Diane Franklin,31512 Bunting Way,2880219329120,UV746282
Martha Rose,5 John Wall Park,6430716776203,RN637819
Bruce Wood,82 Homewood Street,5600311489212,EO198101
Amanda Cunningham,579 Manitowish Road,6671219785281,KW084217
Christine Lynch,61 Stephen Alley,2170303310605,CD396314
Lillian Castillo,262 Johnson Alley,5560121397133,ZP303696
Adam Gordon,7382 Mallory Terrace,2460719640050,VG325875
Martha Hall,1 Atwood Court,6271106173164,WQ758778
Philip Lawson,1 Anthes Park,6810501633478,CP825362
Gary Ford,335 Debra Place,2240926352251,ZT205588
Bobby Ray,20 Roxbury Terrace,6631026488515,XN155608
Jimmy Scott,22 Muir Road,2310807800768,NE232778
Gary Montgomery,1 Center Place,2250903410595,HM128827
Elizabeth Little,89379 Arizona Crossing,6670723763639,WA031813
Christina Robertson,6 Melody Parkway,6330218365372,XL701370
Louis Roberts,78868 Melvin Place,5850711716950,VY151285
Fred Berry,97315 Cherokee Hill,6771002867869,CI710342
Walter Kim,86 Buhler Court,2970807819719,DS980430
Howard Robertson,73 Banding Lane,5090422912373,AE707244
Ernest Austin,2875 Crowley Road,5720102145580,XG933430
Benjamin Bailey,8 Dahle Hill,6001223444039,KF731356
Terry Webb,4596 Moose Court,1911126407432,HX780927
Johnny Ryan,2 East Circle,6550311214450,ZB491363
Phillip Thomas,193 Sullivan Lane,2960305126565,ZL915718
Annie Sullivan,26 Birchwood Plaza,6540211334050,EH633155
Aaron Brooks,0186 Spaight Court,5020502571235,LM669748
Annie Rivera,7166 Coolidge Way,6700223405737,FN514772
Jean Peters,128 Talisman Drive,6030826936206,OU845146
Jimmy Stewart,39 Lakewood Gardens Road,6260309205665,TU619924
Jonathan Ellis,06 Sunfield Lane,5451006323098,ZK259258
Jeremy Little,762 Merchant Plaza,1230525703263,DX157296
Andrew Hamilton,53 Crest Line Pass,1640423548319,NE521463
Jesse Harper,98 Hoffman Lane,6380927435929,SM333609
Steve Woods,48 Michigan Alley,6051020694886,IY230117
Thomas Meyer,6756 Green Center,6151006921065,MN737822
Angela Fisher,70972 Sachtjen Center,6250816609829,FO975560
